CREATE DATABASE BBTS;
USE BBTS;

CREATE TABLE COLABORADOR (
    ID_COLABORADOR INT PRIMARY KEY,
    EMAIL VARCHAR(100),
    SITUACAO_CADASTRO VARCHAR(50),
    SENHA VARCHAR(255)
);

CREATE TABLE REG_PESQUISAS (
    ID_REG_PESQUISAS INT PRIMARY KEY,
    DATA_PESQUISA DATE,
    JUSTIFICATIVA_PESQUISA TEXT(250),
    STATUS VARCHAR(50)
);

CREATE TABLE FORNECEDOR (
    ID_FORNECEDOR INT PRIMARY KEY,
	ID_COLABORADOR INT NOT NULL,
    NOME_FANTASIA VARCHAR(150),
    RAZAO_SOCIAL VARCHAR(150),
    CIDADE VARCHAR(100),
    MUNICIPIO VARCHAR(100),
    RUA VARCHAR(150),
    BAIRRO VARCHAR(100),
    CNPJ VARCHAR(20),
    FOREIGN KEY (ID_COLABORADOR) REFERENCES COLABORADOR(ID_COLABORADOR)
);

CREATE TABLE REGISTRO_EMPRESARIAL (
    ID_REG_EMP INT PRIMARY KEY,
	ID_FORNECEDOR INT UNIQUE NOT NULL,
    PORT_EMP VARCHAR(50),
    REGIAO_ATUACAO VARCHAR(100),
    TIPO_FORNECIMENT VARCHAR(100),
    CNAE_1 VARCHAR(20),
    CNAE_2 VARCHAR(20),
    SITE_INSTITUCIONAL VARCHAR(150),
    FOREIGN KEY (ID_FORNECEDOR) REFERENCES FORNECEDOR(ID_FORNECEDOR)
);

CREATE TABLE CATEGORIA (
    ID_CATEGORIA INT PRIMARY KEY,
    NOME VARCHAR(100),
    DESCRICAO TEXT(200),
    SITUACAO VARCHAR(50)
);

CREATE TABLE CLASSIFICACAO (
    ID_CLASSIFICACAO INT PRIMARY KEY,
    NOME VARCHAR(100),
    DESCRICAO TEXT(200),
    SITUACAO VARCHAR(50),
    ID_CATEGORIA INT NOT NULL,
    FOREIGN KEY (ID_CATEGORIA) REFERENCES CATEGORIA(ID_CATEGORIA)
);

CREATE TABLE ITENS_PRODUTO (
    ID_ITENS_PRODUTO INT PRIMARY KEY,
    NOME VARCHAR(150),
    DESC_TECNICA TEXT(200),
    UNIDADE_MEDIDA VARCHAR(20),
    PALAVRAS_CHAVE VARCHAR(255),
    ID_CLASSIFICACAO INT NOT NULL,
    FOREIGN KEY (ID_CLASSIFICACAO) REFERENCES CLASSIFICACAO(ID_CLASSIFICACAO)
);

CREATE TABLE MARCA (
    ID_MARCA INT PRIMARY KEY,
    NOME VARCHAR(100),
    DESCRICAO TEXT(200),
    SITUACAO VARCHAR(50)
);

CREATE TABLE MARCA_ITENS (
    ID_MARCA INT,
    ID_ITENS_PRODUTO INT,
    PRIMARY KEY (ID_MARCA, ID_ITENS_PRODUTO),
    FOREIGN KEY (ID_MARCA) REFERENCES MARCA(ID_MARCA),
    FOREIGN KEY (ID_ITENS_PRODUTO) REFERENCES ITENS_PRODUTO(ID_ITENS_PRODUTO)
);

CREATE TABLE PESQUISA_PRODUTO (
    ID_PESQUISA_PRODUTO INT PRIMARY KEY,
    JUSTIFICATIVA TEXT(250),
    ID_REG_PESQUISA INT NOT NULL,
    ID_ITENS_PRODUTO INT NOT NULL,
    FOREIGN KEY (ID_REG_PESQUISA) REFERENCES REG_PESQUISAS(ID_REG_PESQUISAS),
    FOREIGN KEY (ID_ITENS_PRODUTO) REFERENCES ITENS_PRODUTO(ID_ITENS_PRODUTO)
);

CREATE TABLE RESULTADO_PESQUISA (
    ID_RESULTADO_PESQUISA INT PRIMARY KEY,
    SITE_PESQUISA VARCHAR(150),
    TITULO_ANUNCIO VARCHAR(200),
    DESCRICAO_ANUNCIO TEXT,
    DESCRICAO_PRODUTO TEXT,
    PRECO DECIMAL(10,2),
    URL_PRODUTO VARCHAR(255),
    DATA_RESULTADO DATE,
    STATUS_VALIDACAO VARCHAR(50),
    ID_PESQUISA_PRODUTO INT NOT NULL,
    FOREIGN KEY (ID_PESQUISA_PRODUTO) REFERENCES PESQUISA_PRODUTO(ID_PESQUISA_PRODUTO)
);

-- MASSA DE TESTE --

-- 1. COLABORADOR
INSERT INTO COLABORADOR (ID_COLABORADOR, EMAIL, SITUACAO_CADASTRO, SENHA) VALUES 
(1, 'compras.joao@empresa.com', 'ATIVO', 'hash_senha_123'),
(2, 'maria.suprimentos@empresa.com', 'ATIVO', 'hash_senha_456');

-- 2. REG_PESQUISAS
INSERT INTO REG_PESQUISAS (ID_REG_PESQUISAS, DATA_PESQUISA, JUSTIFICATIVA_PESQUISA, STATUS) VALUES 
(10, '2023-10-25', 'Renovação de estoque de periféricos gamer', 'APROVADO'),
(11, '2023-10-26', 'Aquisição de SSDs para servidores internos', 'EM ANALISE');

-- 3. FORNECEDOR (Ex: KaBuM! e Americanas)
INSERT INTO FORNECEDOR (ID_FORNECEDOR, NOME_FANTASIA, RAZAO_SOCIAL, CIDADE, MUNICIPIO, RUA, BAIRRO, CNPJ, ID_COLABORADOR) VALUES 
(100, 'KaBuM!', 'KABUM S.T. LTDA', 'Limeira', 'Limeira', 'Rua Carlos Gomes', 'Centro', '05.570.714/0001-59', 1),
(101, 'Americanas', 'S.A. COMERCIO ELETRONICO', 'Rio de Janeiro', 'Rio de Janeiro', 'Rua Sacadura Cabral', 'Saúde', '00.776.574/0006-60', 2);

-- 4. REGISTRO_EMPRESARIAL
INSERT INTO REGISTRO_EMPRESARIAL (ID_REG_EMP, PORT_EMP, REGIAO_ATUACAO, TIPO_FORNECIMENT, CNAE_1, CNAE_2, SITE_INSTITUCIONAL, ID_FORNECEDOR) VALUES 
(200, 'GRANDE', 'NACIONAL', 'ELETRONICOS', '4751-2/01', '4651-6/01', 'www.kabum.com.br', 100),
(201, 'GRANDE', 'NACIONAL', 'VAREJO GERAL', '4713-0/02', '4752-1/00', 'www.americanas.com.br', 101);

-- 5. CATEGORIA
INSERT INTO CATEGORIA (ID_CATEGORIA, NOME, DESCRICAO, SITUACAO) VALUES 
(1, 'Hardware', 'Peças internas e componentes de computadores', 'ATIVO'),
(2, 'Periféricos', 'Teclados, mouses e monitores', 'ATIVO');

-- 6. CLASSIFICACAO
INSERT INTO CLASSIFICACAO (ID_CLASSIFICACAO, NOME, DESCRICAO, SITUACAO, ID_CATEGORIA) VALUES 
(10, 'Armazenamento', 'Discos rígidos e SSDs', 'ATIVO', 1),
(11, 'Mouses Gamer', 'Mouses de alta performance', 'ATIVO', 2);

-- 7. ITENS_PRODUTO
INSERT INTO ITENS_PRODUTO (ID_ITENS_PRODUTO, NOME, DESC_TECNICA, UNIDADE_MEDIDA, PALAVRAS_CHAVE, ID_CLASSIFICACAO) VALUES 
(500, 'SSD Kingston NV2 1TB', 'M.2 2280 NVMe Gen4x4', 'UN', 'SSD, Kingston, 1TB, NVMe', 10),
(501, 'Mouse Razer Deathadder V2', 'Sensor Óptico Focus+ 20K DPI', 'UN', 'Razer, Mouse, Gamer', 11);

-- 8. MARCA
INSERT INTO MARCA (ID_MARCA, NOME, DESCRICAO, SITUACAO) VALUES 
(1, 'Kingston', 'Fabricante de memórias e SSDs', 'ATIVO'),
(2, 'Razer', 'Marca de periféricos gamer', 'ATIVO');

-- 9. MARCA_ITENS (Tabela associativa n:n)
INSERT INTO MARCA_ITENS (ID_MARCA, ID_ITENS_PRODUTO) VALUES 
(1, 500),
(2, 501);

-- 10. PESQUISA_PRODUTO (Entidade de ligação)
INSERT INTO PESQUISA_PRODUTO (ID_PESQUISA_PRODUTO, JUSTIFICATIVA, ID_REG_APROVACOE, ID_ITENS_PRODUTO) VALUES 
(1000, 'Cotação para upgrade de estações de trabalho', 10, 500),
(1001, 'Substituição de mouses com defeito', 10, 501);

-- 11. RESULTADO_PESQUISA (Ofertas reais simuladas)
INSERT INTO RESULTADO_PESQUISA (ID_RESULTADO_PESQUISA, SITE_PESQUISA, TITULO_ANUNCIO, DESCRICAO_ANUNCIO, DESCRICAO_PRODUTO, PRECO, URL_PRODUTO, DATA_RESULTADO, STATUS_VALIDACAO, ID_PESQUISA_PRODUTO) VALUES 
(1, 'KaBuM!', 'SSD 1 TB Kingston NV2', 'O melhor SSD custo benefício', 'SSD Kingston NV2 1TB M.2 NVMe', 349.90, 'https://www.kabum.com.br/produto/ssd-1tb', '2023-10-25', 'VALIDADO', 1000),
(2, 'Americanas', 'SSD Kingston NV2 1TB NVMe', 'Oferta do dia Americanas', 'SSD Kingston NV2 1TB', 380.00, 'https://www.americanas.com.br/produto/ssd-1tb', '2023-10-25', 'VALIDADO', 1000),
(3, 'KaBuM!', 'Mouse Gamer Razer Deathadder V2', 'Mouse com switches ópticos', 'Razer Deathadder V2 Preto', 299.90, 'https://www.kabum.com.br/produto/mouse-razer', '2023-10-25', 'VALIDADO', 1001);
